{"Brisbane": [153.023499, -27.468968], "Melbourne": [144.963146, -37.814255], "Pt Augusta": [137.84382, -32.51754], "Darwin": [130.841047, -12.46044], "Bendigo": [144.282593, -36.758877], "Broome": [122.224018, -17.956691], "Canberra": [149.128667, -35.282071], "Hobart": [147.328123, -42.882509], "Mt Isa": [139.493152, -20.72899], "Perth": [115.86048, -31.952712], "Broken Hill": [141.457904, -31.96053], "Kalgoorlie": [121.473223, -30.746414], "Albany": [117.883608, -35.024782], "Rockhampton": [150.513444, -23.37825], "Launceston": [147.13735, -41.434081], "Newcastle": [151.781253, -32.927288], "Alice Springs": [133.881289, -23.698388], "Adelaide": [138.599888, -34.928634], "Cairns": [145.771901, -16.920496], "Sydney": [151.216454, -33.854816]}